,content,img,link,title,tag
0,"[<p><strong>Harianjogja.com, JOGJA</strong>—Wayang telah ditetapkan sebagai warisan budaya dunia oleh Unesco, menjadi bagian yang tak terpisahkan dari masyarakat Indonesia. Berbagai jenis wayang pun bermunculan sesuai dengan budaya masing-masing daerah.</p>, <p>Pada laman Kemendikbud.go.id menjelaskan wayang wetan (Jawa Timuran) dan wayang kulon (Jawa Tengah, DIY) memiliki perbedaan. Di mana wayang timur lebih menggunakan budaya sesuai dengan masyarakat sehingga cerita yang dimainkan hingga sabetan lebih bersifat kasar. Namun wayang kulon lebih mengambil budaya kraton.</p>, <p>Wayang pun makin bermunculan sesuai dengan beberapa kreasi dalang. Namun ada wayang yang secara khusus menceritakan sosok atau tokoh dari awal hingga sampai akhir hayatnya. Wayang ini sangat berbeda bentuknya dengan wayang pada umumnya. Adalah wayang Diponegoro yang akhir-akhir ini tampil menceritakan tentang perjuangan Pangeran Diponegoro.</p>, <p><strong><a href=""https://m.harianjogja.com/jogjapolitan/read/amp/2020/11/08/510/1054706/harian-jogja-hari-ini-teladani-jejak-sang-pangeran"">BACA JUGA : HARIAN JOGJA HARI INI: Teladani Jejak sang Pangeran </a></strong></p>, <p>Karena tergolong baru, wayang Diponegoro baru memasuki pementasan ke-14 seperti digelar di Dalem Yudonegaran, Jalan Ibu Ruswo, Kota Jogja, Senin (10/11/2020) malam. Wayang ini ceritanya berbeda dengan pewayangan lain, karena secara khusus mengadopsi kisah dari Babad Diponegoro yang merupakan kisah Pangeran Diponegoro saat diasingkan Belanda di Makassar antara 1831-1832.</p>, <p>Sejarawan dari Trinity College, Oxford, Inggris Peter Brian Ramsey Carey mengungkap Babad Diponegoro ditulis seperti puisi dengan tebal 1.170 halaman folio. Naskah ini diceritakan dari sudut pandang orang ketiga meski sejatinya menceritakan diri seorang Diponegoro.</p>, <p>Babad Diponegoro telah mendapatkan penghargaan Badan Kebudayaan Dunia, Unesco sebagai <em>Memory of The World</em> bersama Negarakertagama yang berisi kesaksian Majapahit pada masa Raja Hayam Wuruk di abad ke-14. Dengan mengambil kisah dari babad ini maka cerita yang disampaikan dalam wayang lebih menarik dan menambah pemahaman masyarakat terhadap sejarah menjadi lebih utuh.</p>, <p>“Wayang Diponegoro ini sudah ke-14 pementasan, [wayang] ini dibikin tahun 2017. Semua lakon dari cerita Babad Diponegoro. Harapannya bisa menambah pemahaman masyarakat tentang sejarah perjuangan Diponegoro,” kata Rahadi Saptata dari Paguyuban Keluarga Trah Pangeran Diponegoro.</p>, <p><strong><a href=""https://jogjapolitan.harianjogja.com/read/2017/12/08/514/875238/gua-sriti-saksi-biksu-perjuangan-pangeran-diponegoro"">BACA JUGA : Gua Sriti, Saksi Biksu Perjuangan Pangeran Diponegoro</a></strong></p>, <p>Melalui media wayang diharapkan dapat memberikan pemahaman kepada masyarakat dan persepsi baru tentang sejarah. Karena di dalam cerita wayang tersebut murni mengambil lakon dari isi Babad Diponegoro dengan durasi 3 jam. Rahadi mengatakan pihaknya memiliki satu set berisi 60 wayang dengan bentuk yang unik. Ia mencontohkan sosok wayang seperti Diponegoro dibuat dengan menunjukkan ciri bersurban putih, kemudian sosok HB II memakai mahkota hingga Sentot Alibasyah yang berpakaian Jawa.</p>, <p>“Bentuk wayangnya jelas berbeda dengan wayang lain, [Wayang Diponegoro] ini lebih unik. Yang kami pentaskan ke-14 ini dengan lakon Kusuma Bangsa. Kami Patra Padi menggelarnya bersama Ikatan keluarga Pahlawan Nasional Indonesia [IKPNI] DIY, selain untuk memperingati Hari Pahlawan dan Milad Pangeran Diponegoro ke-235.,” katanya.</p>, <p>Kisah Sang Kusuma Bangsa dalam lakon ini menceritakan tentang babak akhir perjuangan Pangeran Diponegoro secara detail. Salah satunya mengungkap tujuan Belanda mengangkat HB II naik takhta sebanyak tiga kali yaitu agar para pangeran dan sentono yang ikut berjuang dengan Pangeran Diponegoro kembali ke Kraton. Namun HB II tetap mendukung perjuangan Pangeran Diponegoro meski pun ditekan Jenderal Belanda Van Mook.</p>, <p>“Kusuma Bangsa ini lakon baru menceritakan sisi atau akhir dari perjuangan Pangeran Diponegoro mulai Jejer pertama jumenengnya HB II, karena dalam sejarahnya kan HB II naik raja tiga kali, nah dalam cerita ini saat naik yang ketiga kalinya. Dinaikkan raja kembali oleh Belanda itu supaya para pangeran atau sentono yang ikut berjuang dengan Diponegoro agar balik ke kraton untuk melemahkan perjuangannya, tetapi kenyataannya HB II tetap mendukung Diponegoro,” jelasnya.</p>, <p><strong><a href=""https://wisata.harianjogja.com/read/2014/10/12/504/543663/menelusuri-jejak-pangeran-diponegoro-12"">BACA JUGA : Menelusuri Jejak Pangeran Diponegoro (1/2)</a></strong></p>, <p>Dalam lakon ini diakhiri dengan peristiwa licik yang dilakukan Belanda dengan mengajak perundingan damai namun berujung pada penangkapan Pangeran Diponegoro hingga diasingkan ke Manado dan dipindah ke Makassar. Hanya saja khusus untuk sampai akhir hayatnya tidak diceritakan detail di pewayangan karena terkait dengan aturan pakeliran.</p>, <p>“Diceritakan detail kenapa terjadi penangkapan, bahwa ada pengkhianatan Belanda yang awalnya perundingan perdamaian, dengan kelicikan Belanda pangeran Diponegoro dibawa ke Ungaran Batavia, ke Manado dia menulis babad lalu dipindah ke Makassar,” katanya.</p>, <p>Ketua IKPNI DIY GBPH Prabukusumo menyatakan Pangeran Diponegoro sampai saat ini masih relevan untuk menjadi inspirasi dari semangat kepahlawanannya. Oleh karena itu pihaknya bersama Paguyuban Trah Pangeran Diponegoro (Patra Padi) menggelar pagelaran wayang kulit Pangeran Diponegoro.</p>, <p>“Sebetulnya Pangeran Diponegoro dan pahlawan lainnya tentu sangat meninspirasi. Ini bisa menimbulkan semangat generasi muda jiwa kepahlawan muncul, menjadikan jiwa nasionalis, jiwa Indonesia, menjadi generasi muda nusantara yang betul-betul bisa saling mengerti memahami menghormati menghargai antar suku, agam dan adat isti adat,” ujarnya.</p>]",https://img.harianjogja.com/posts/2020/11/13/1055226/whatsapp-image-2020-11-13-at-08.43.43.jpg?w=600=400,https://jogjapolitan.harianjogja.com/read/2020/11/13/510/1055226/wayang-diponegoro-unik-menambah-pemahaman-sejarah-lebih-utuh,"Wayang Diponegoro, Unik  Menambah Pemahaman Sejarah Lebih Utuh",sejarah
1,"[<p><strong>Harianjogja.com, BANTUL</strong>- Dinas Tenaga Kerja dan Transmigrasi (Disnakertrans) Bantul menganggarkan Rp17,1 miliar untuk program pembangunan infrastruktur padat karya. Anggaran tersebut terdiri dari APBD Bantul dan APBD DIY.</p>, <p>Sekretaris Disnakertrans Bantul, Istirul Widilastuti mengatakan jelang akhir tahun ini ada 171 paket program padat karya yang setiap paketnya di anggarkan Rp100 juta. “Sebanyak 142 paket dibiayai dari APBD Perubahan dan 29 paket melalui bantuan keuangan khusus [BKK] Pemda DIY,” kata Istirul, Kamis (12/11/2020).</p>, <p><strong>Baca juga: <a href=""https://jogjapolitan.harianjogja.com/read/2020/11/12/510/1055189/bijak-bermedia-sosial-dalam-beragam-kegiatan"" title=""Bijak Bermedia Sosial dalam Beragam Kegiatan"">Bijak Bermedia Sosial dalam Beragam Kegiatan</a></strong></p>, <p>Saat ini program padat karya tersebut, kata Istirul, sudah mulai sosialisasi, bimbingan teknis tukang dan petugas lapangan, bahkan beberapa paket sudah mulai distribusi material bangunan. Menurut dia sebagian besar paket padat karya tersebut adalah pengerjaan jalan corblok, talut, dan jembatan lingkungan.</p>, <p>Proses pengerjaan dilakukan selama 21 hari mulai 20 November sampai 10 Desember mendatang. Disinggung soal kemungkinan tingginya musim hujan di akhir bulan ini ditambah adanya fenomena La Nina, Istirul tidak menampiknya. Jawatannya sudah mengingatkan terkait adanya musim penghujan.</p>, <p><strong>Baca juga: <a href=""https://jogjapolitan.harianjogja.com/read/2020/11/12/510/1055186/nilai-investasi-proyek-tol-jogja-bawen-rp14-triliun"" title=""Nilai Investasi Proyek Tol Jogja-Bawen Rp14 Triliun"">Nilai Investasi Proyek Tol Jogja-Bawen Rp14 Triliun</a></strong></p>, <p>“Yang penting pengerjaannya 21 hari. Ketika nanti ada hujan yang tidak memungkinkan untuk dilanjutkan bisa ditunda terlebih dahulu, kemudian dilanjutkan lagi saat tidak ada hujan. Yang penting dalam hambatan itu nanti menjadi catatan yang harus dilaporkan,” ungkap Istirul.</p>, <p>Lebih lanjut Istirul meminta masyarakat untuk mengerjakan proyek padat karya tersebut sungguh-sungguh dan sesuai spek agar tidak menjadi persoalan dikemudian hari.</p>, <p>Menurut Istirul program padat karya berasal dari pengajuan proposal dari masyarakat yang kemudian diverifikasi sesuai kebutuhan yang mendesak. Tahun ini paket padat karya lebih sedikit dibanding tahun lalu yang mencapai 198 paket dengan nilai yang sama.</p>]",https://img.harianjogja.com/posts/2020/11/13/1055208/buruh-proyek-pembangunan.jpg?w=600=400,https://jogjapolitan.harianjogja.com/read/2020/11/13/511/1055208/bantul-anggarkan-rp17-miliar-untuk-padat-karya,Bantul Anggarkan Rp17 Miliar Untuk Padat Karya,Program Pembangunan
2,"[<p><strong>Harianjogja.com, JAKARTA-</strong> Laboratorium yang ada di seluruh Indonesia sebenarnya mampu melakukan 80 ribu tes spesimen untuk mendeteksi COVID-19. Hal itu diungkapkan Penasehat Menteri Koordinator Bidang Kemaritiman dan Investasi untuk peningkatan testing dan tracing, Monica Nirmala.</p>, <p>""Sebetulnya kapasitas dari laboratorium kita itu cukup kok, bahkan terakhir laporan dari Balitbangkes itu hampir 80.000, sebetulnya kapasitas tes dari laboratorium-laboratorium yang ada, artinya kapasitas ini belum digunakan secara optimal,"" kata Monica dalam diskusi virtual Optimisme Masyarakat Terhadap 3T (Tracing, Testing, Treatment) di Jakarta, Kamis (12/11/2020).</p>, <p>Monica menuturkan kapasitas laboratorium itu belum digunakan secara optimal, antara lain dikarenakan ada orang-orang yang sebetulnya bergejala dan pernah berkontak erat dengan kasus positif COVID-19, tapi tidak diperiksa atau mungkin takut diperiksa dan menghindari tenaga kesehatan.</p>, <p><strong>Baca juga: <a href=""https://jogjapolitan.harianjogja.com/read/2020/11/13/512/1055204/sleman-gelar-pilkada-9-desember-bagaimana-coblosan-untuk-pengungsi-merapi"" title=""Sleman Gelar Pilkada 9 Desember, Bagaimana Coblosan untuk Pengungsi Merapi?"">Sleman Gelar Pilkada 9 Desember, Bagaimana Coblosan untuk Pengungsi Merapi?</a></strong></p>, <p>Menurut Monica, jika ingin meningkatkan jumlah ""testing"", perlu menyadarkan masyarakat jika menunjukkan gejala atau pernah berkontak erat dengan pasien COVID-19, perlu segera memeriksakan diri atau mencari pertolongan pertama ke tenaga kesehatan atau ke Puskesmas terdekat.</p>, <p>""Jangan malah 'ngumpet' di rumah dan pikiran nanti juga sembuh sendiri, tapi kita harus berpikir bagaimana kita berkontribusi dan berpartisipasi dalam upaya pemutusan rantai penularan COVID-19 ini dengan dites,"" tuturnya.</p>, <p>Dia mengatakan masyarakat tidak perlu takut untuk memeriksakan diri dalam mendeteksi COVID-19 atau jika ditanya oleh tenaga kesehatan terkait pelacakan kontak erat dengan pasien COVID-19. Masyarakat juga tidak perlu punya stigma terhadap mereka yang diperiksa atau yang terjangkit COVID-19.</p>, <p><strong>Baca juga: <a href=""https://jogjapolitan.harianjogja.com/read/2020/11/13/514/1055207/sma-n-1-temon-dicanangkan-jadi-sekolah-ramah-anak"" title=""SMA N 1 Temon Dicanangkan Jadi Sekolah Ramah Anak"">SMA N 1 Temon Dicanangkan Jadi Sekolah Ramah Anak</a></strong></p>, <p>""Jangan takut kalau tenaga kesehatan tanya-tanya berkontak dengan siapa dan juga untuk isolasi, kalau menjalankan isolasi jika memang positif atau menjalankan karantina setelah berkontak erat misalnya,"" ujarnya.</p>, <p>Monica mengatakan setiap orang perlu mengambil peranan dalam mencegah dan memutus rantai penularan COVID-19, tidak hanya dilakukan dengan menerapkan 3M (memakai masker, menjaga jarak dan menghindari kerumunan, serta mencuci tangan dengan sabun dan air mengalir), tapi juga dengan berpartisipasi dan kooperatif dalam upaya 3T (tracing, testing, treatment).</p>, <p>Kemampuan testing di Indonesia saat ini masih belum mencapai target Badan Kesehatan Dunia (WHO), yakni satu orang dites dari 1.000 penduduk per pekan.</p>, <p>Menurut Monica, jika dihitung dari jumlah populasi di Indonesia sekitar 273 juta jiwa, kira-kira perlu ada 39.000 orang yang dites per hari.</p>, <p>""Nah, memang di Indonesia ini cukup fluktuatif angkanya dan kita memang masih di bawah dari standar itu, kira-kira masih di 24 ribu atau 34 ribu per hari,"" ujar Monica.</p>, <p>Namun, jumlah pemeriksaan itu masih bisa ditingkatkan lagi dengan memaksimalkan seluruh kapasitas laboratorium yang ada di seluruh Indonesia dan partisipasi aktif masyarakat untuk berani melakukan tes jika ada gejala dan kontak erat dengan pasien COVID-19.</p>, <p>Sumber : Antara</p>]",,https://news.harianjogja.com/read/2020/11/13/500/1055221/laboratorium-indonesia-mampu-tes-80000-spesimen-covid-19-penggunaannya-belum-optimal,"Laboratorium Indonesia Mampu Tes 80.000 Spesimen Covid-19, Penggunaannya Belum Optimal",Virus Corona
3,"[<p><strong>Harianjogja.com, JAKARTA-</strong> Persaudaraan Alumni/PA 212 akan menggelar reuni akbar dan menggunakan kawasan Monas sebagai tempatnya. Pihak pengelola Monumen Nasional atau Monas membenarkan sudah menerima surat permohonan dan surat itu sudah disampaikan ke Gubernur Anies Baswedan.</p>, <p>Kepala Seksi Pelayanan Informasi Unit Pengelola Kawasan atau UPK Monumen Nasional, Irfal Guci mengatakan surat itu sudah pernah diterima oleh pihaknya. Setelah itu UPK Monas langsung menyampaikannya ke Anies untuk ditindaklanjuti.</p>, <p>""Mereka sudah bersurat ke Gubernur setahu saya suratnya sudah tanggal 1 September,"" kata Irfal saat dihubungi Suara.com, Kamis (12/11/2020).</p>, <p><strong>Baca juga: <a href=""https://jogjapolitan.harianjogja.com/read/2020/11/13/512/1055204/sleman-gelar-pilkada-9-desember-bagaimana-coblosan-untuk-pengungsi-merapi"" title=""Sleman Gelar Pilkada 9 Desember, Bagaimana Coblosan untuk Pengungsi Merapi?"">Sleman Gelar Pilkada 9 Desember, Bagaimana Coblosan untuk Pengungsi Merapi?</a></strong></p>, <p>Irfal menyebut di masa pandemi Covid-19 ini, pihaknya tidak bisa menangani perizinan untuk menggelar acara di Monas. Ia menyatakan hal ini sekarang menjadi wewenang Anies selaku pimpinan DKI.</p>, <p>""Pernah sih bersurat ke kita. Tapi kan karena di suasana covid ini, izinnya ditangani langsung pak Gubernur,"" ujarnya.</p>, <p>Surat yang sudah diterima Gubernur itu ditindaklanjuti oleh Badan Kesatuan Bangsa dan Politik (Kesbangpol) Pemprov DKI. Bahkan kemarin, Rabu (11/11/2020), sudah diadakan rapat yang membahas soal rencana itu.</p>, <p>""Gubernur turunnya ke Kesbangpol. Karena Kesbangpol lah yang lebih mendalami itu. Kesbangpol juga sudah rapat kemarin ya hari Rabu,"" tuturnya.</p>, <p><strong>Baca juga: <a href=""https://jogjapolitan.harianjogja.com/read/2020/11/13/512/1055201/ini-dua-pedukuhan-yang-jadi-prioritas-pembayaran-ganti-rugi-tol-jogja-solo"" title=""Ini Dua Pedukuhan yang Jadi Prioritas Pembayaran Ganti Rugi Tol Jogja-Solo"">Ini Dua Pedukuhan yang Jadi Prioritas Pembayaran Ganti Rugi Tol Jogja-Solo</a></strong></p>, <p>Terpisah, Kepala Kesbangpol Taufan mengatakan pihaknya sedang membahas masalah ketertiban dan keamanan masyarakat (kamtibmas) di ibu kota. Terlebih lagi mengenai pergerakan masyarakat setelah kepulangan Rizieq.</p>, <p>""Kan dalam waktu dekat gerakan makin banyak setelah ulama besar kita pulang. Mungkin maulid kan banyak bisa saja dia maulid di sini. Itu aja,"" jelasnya.</p>, <p>Sebelumnya, Pimpinan Front Pembela Islam (FPI) Habib Rizieq Shihab telah kembali ke tanah air. Kini dia sudah berada di kediamannya di kawasan Petamburan, Jakarta Pusat.</p>, <p>""Oh iya itu agenda reuni masih kami bahas ya apakah kami akan laksanakan seperti biasa tahun-tahun yang lalu atau ada perubahan,"" kata Slamet.</p>, <p>Slamet mengatakan, pihaknya menunggu Habib Rizieq untuk beristirahat terlebih dahulu -- mengingat dia baru saja sampai di Tanah Air. Slamet mengakui, pihaknya telah melayangkan surat permohonan untuk menggelar acara pada pihak terkait tiga bulan lalu.</p>, <p>""Kami nunggu setelah beliau istirahat beberapa hari. Nanti baru kami bicarakan yang jelas. Surat kepada Monas dan Pemda DKI sudah kita layangkan 3 bulan yang lalu untuk permohonan acara reuni 212,"" beber dia.</p>, <p>Sumber : Suara.com</p>]",,https://news.harianjogja.com/read/2020/11/13/500/1055223/pa-212-akan-gelar-reuni-akbar-di-monas-izin-sudah-diajukan-ke-gubernur-anies,"PA 212 Akan Gelar Reuni Akbar di Monas, Izin Sudah Diajukan ke Gubernur Anies",Alumni 212
4,"[<p><strong>Harianjogja.com, JAKARTA</strong>- Upaya menggalakkan perubahan perilaku menyesuaikan Protokol Kesehatan pencegahan Covid-19 terus dilakukan Satuan Tugas (Satgas) Penanganan COVID-19.</p>, <p>Namun, mereka menyebutkan sekitar 25 ribu dari 3,5 juta orang yang telah diedukasi oleh duta perubahan perilaku masih menolak untuk diedukasi tentang pentingnya menerapkan protokol kesehatan.</p>, <p>""Jadi sekitar 25 ribu orang menolak. Menolak untuk diedukasi dan menolak informasi yang disampaikan,"" kata Ketua Bidang Perubahan Perilaku Satgas Penanganan COVID-19 Dr. Sonny Harry B Harmadi dalam konferensi pers di Graha BNPB, Jakarta, Kamis (12/11/2020).</p>, <p><strong>Baca juga: <a href=""https://jogjapolitan.harianjogja.com/read/2020/11/13/510/1055174/rawan-terjadi-penularan-covid-19-perkantoran-harus-ketat-terapkan-protokol-kesehatan"" title=""Rawan Terjadi Penularan Covid-19, Perkantoran Harus Ketat Terapkan Protokol Kesehatan"">Rawan Terjadi Penularan Covid-19, Perkantoran Harus Ketat Terapkan Protokol Kesehatan</a></strong></p>, <p>Sonny mengatakan bahwa berdasarkan laporan dari sekitar 29 ribu duta perubahan perilaku yang mengedukasi masyarakat di lapangan, mayoritas dari total 3,5 juta orang yang sejauh ini telah diedukasi, atau sekitar 68 persen, menerima edukasi yang disampaikan.</p>, <p>Tetapi, dari 68 persen itu, hanya 32 persen di antaranya yang tidak hanya menerima edukasi tetapi juga benar-benar mau berkomitmen untuk menjalankan protokol kesehatan yang diharapkan.</p>, <p>Dan dari 3,5 juta orang tersebut, ternyata masih ada sekitar 25 ribu orang di antaranya menolak untuk diedukasi dan menolak informasi yang disampaikan.</p>, <p><strong>Baca juga: <a href=""https://jogjapolitan.harianjogja.com/read/2020/11/13/512/1055201/ini-dua-pedukuhan-yang-jadi-prioritas-pembayaran-ganti-rugi-tol-jogja-solo"" title=""Ini Dua Pedukuhan yang Jadi Prioritas Pembayaran Ganti Rugi Tol Jogja-Solo"">Ini Dua Pedukuhan yang Jadi Prioritas Pembayaran Ganti Rugi Tol Jogja-Solo</a></strong></p>, <p>Sementara itu, laporan dari duta perubahan perilaku di Jayapura, Papua, juga menyebutkan masih banyak tantangan yang mereka hadapi saat mencoba memberikan edukasi kepada masyarakat, terutama sejumlah warga yang berada di pasar.</p>, <p>Sebagian besar dari mereka masih menganggap bahwa pandemi COVID-19 tidak ada sehingga mereka tidak mau memakai masker.</p>, <p>Laporan para duta tersebut juga menyebutkan alasan masyarakat menolak memakai masker karena terkendala biaya untuk membeli masker dan kebiasaan memakan pinang sehingga mereka tidak mau menggunakan masker.</p>, <p>Namun, setelah diberi pengertian dan pemahaman, mereka akhirnya mau mengikuti arahan untuk menerapkan protokol kesehatan, yaitu memakai masker, mencuci tangan dengan sabun dan menjaga jarak serta menghindari kerumunan.</p>, <p>Sumber : Suara.com</p>]",,https://news.harianjogja.com/read/2020/11/13/500/1055213/duh-sekitar-25000-orang-indonesia-menolak-diedukasi-protokol-kesehatan-3m,"Duh, Sekitar 25.000 Orang Indonesia Menolak Diedukasi Protokol Kesehatan 3M",Virus Corona
5,"[<p><strong>Harianjogja.com, KULONPROGO</strong>-- Umat Katolik di Bonoharjo, Kalurahan Demangrejo, Kapanewon Sentolo, Kulonprogo berharap Kementrian Agama (Kemenag) setempat bisa segera menerbitkan surat rekomendasi untuk pembangunan Gereja Beatae Mariae Matris Boni Concili di wilayah tersebut.</p>, <p>Ketua Panitia Pembangunan, Michael Wasi Hanjoro Widi menerangkan pembangunan gereja baru ini sangat diperlukan lantaran gereja yang sekarang mereka gunakan, yaitu Gereja Paroki Administratif Santa Maria Mater Dei Bonoharjo sudah tidak mampu menampung lebih banyak jemaah.</p>, <p>""Umat Katolik di wilayah Paroki Bonoharjo lebih dari 2.000 orang. Sementara gereja yang lama tidak mampu lagi menampung jemaah. Apalagi kalau pas hari besar, banyak saudara-saudara dari luar kota yang bergabung. Untuk itu gereja akan dipindahkan ke sebelah barat yang tanahnya lebih luas. Hal ini sekaligus untuk antisipasi kalau terjadi pelebaran jalan,” jelasnya, Kamis (12/11/2020).</p>, <p><strong>Baca juga: <a href=""https://news.harianjogja.com/read/2020/11/12/500/1055194/merapi-siaga-harga-ternak-sapi-anjlok"" title=""Merapi Siaga, Harga Ternak Sapi Anjlok"">Merapi Siaga, Harga Ternak Sapi Anjlok</a></strong></p>, <p>Widi mengatakan pembangunan gereja baru tersebut direncanakan mulai pada Januari 2021 dengan target pembangunan selama satu tahun. Pihak gereja kata dia juga berusaha untuk melakukan penataan lingkungan di sana. Selama proses itu berlangsung, pihaknya mengharapkan agar rekomendasi dari Kankemenag Kulonprogo terkait pembangunan gereja ini dapat segera turun.</p>, <p>""Kami harap rekomendasi dari Kemenag dapat segera turun sehingga proses pembangunan bisa berjalan lancar,"" ujar dia.</p>, <p>Ketua Paroki Administrasi Bonoharjo, Rm. Petrus Noegroho Agoeng Sriwidodo, Pr. mengatakan pembangunan gereja baru merupakan hal yang vital dan perlu segera direalisasikan. Sebab sejak adanya peningkatan status gerja lama dari Stasi menjadi Paroki Administratif, Jemaah yang dilayani bertambah cukup banyak. Dari yang semula sekitar 1.700 orang kekinian menjadi 2.500 orang.</p>, <p>“Untuk itu kami akan membangun gereja yang baru dan lebih besar. Bangunan lama hanya muat 300 umat, sedang yang baru nanti akan mampu menampung 900 jemaah,” ujarnya.</p>, <p><strong>Baca juga: <a href=""https://jogjapolitan.harianjogja.com/read/2020/11/12/512/1055183/cegah-truk-masuk-jalur-ke-gendol-ditutup"" title=""Cegah Truk Masuk, Jalur ke Gendol Ditutup"">Cegah Truk Masuk, Jalur ke Gendol Ditutup</a></strong></p>, <p>Menanggapi hal itu, Kemenag Kulonprogo telah melakukan verifikasi lapangan di lokasi yang bakal dibangun gereja baru. ""Verifikasi lapangan kami lakukan dalam rangka pembinaan terhadap umat beragama. Pembangunan tempat ibadah/rumah ibadah, semua harus berpedoman dan sesuai dengan peraturan yang berlaku,"" kata Kepala Kemenag Kulonprogo, Ahmad Fauzi.</p>, <p>Ahmad mengatakan pihaknya sudah meneliti berkas-berkas permohonan rekomendasi pembangunan gerja itu dari panitia. Secara administrasi lanjut dia, berkas permohonan itu tidak ada masalah. Namun demikian pihaknya perlu keterangan lebih lanjut terkait rencana pembangunan tersebut, sebagai bahan untuk melakukan koordinasi dan konsultasi dengan Bupati Kulonprogo.</p>, <p>""Hal ini terkait dengan terbitnya Peraturan Bupati yang secara detail mengatur tentang pembangunan rumah ibadah/tempat ibadah, meski di masa transisi, berharap segera bisa tersosialisasikan lebih awal,"" ujarnya.</p>]",https://img.harianjogja.com/posts/2020/11/13/1055206/sterilisasi-gereja.jpg?w=600=400,https://jogjapolitan.harianjogja.com/read/2020/11/13/514/1055206/jemaah-terus-bertambah-umat-katolik-di-sentolo-ingin-segera-bangun-gereja-baru,"Jemaah Terus Bertambah, Umat Katolik di Sentolo Ingin Segera Bangun Gereja Baru",agama
6,"[<p><strong>Harianjogja.com, JAKARTA</strong>- Aturan Rancangan Undang-Undang Larangan Minuman Beralkohol (RUU Minol) yang kini telah digodok oleh DPR mengatur sanksi pidana bagi pelanggarnya.</p>, <p>Sanksi pidana itu bahkan ditujukan bagi masyarakat yang mengkonsumsi minuman beralkohol tipe A, B, C hingga minuman beralkohol tradisional dan minuman beralkohol racikan.</p>, <p>Secara spesifik sanksi pidana peminum minuman beralkohol tercantum di Pasal 20 Bab VI Ketentuan Pidana di dalam draf RUU Larangan Minuman Beralkohol.</p>, <p><strong>Baca juga: <a href=""https://jogjapolitan.harianjogja.com/read/2020/11/13/514/1055207/sma-n-1-temon-dicanangkan-jadi-sekolah-ramah-anak"" title=""SMA N 1 Temon Dicanangkan Jadi Sekolah Ramah Anak"">SMA N 1 Temon Dicanangkan Jadi Sekolah Ramah Anak</a></strong></p>, <p>Dalam aturan tersebut memuat sanksi pidana hingga denda.</p>, <p>""Setiap orang yang mengkonsumsi minuman beralkohol sebagaimana dimaksud dalam Pasal 7 dipidana dengan pidana penjara paling sedikit (3) tiga bulan dan paling lama (2) dua tahun atau denda paling sedikit Rp 10.000.000 (sepuluh juta) dan paling banyak Rp 50.000.000 (lima puluh juta rupiah),"" demikian bunyi Pasal 20.</p>, <p>Adapun Pasal 7 pada Bab III Larangan mengatur tentang larangan konsumsi minuman beralkohol dari berbagai macam.</p>, <p>Mulai minuman beralkohol golongan A, golongan B, golongan C, minuman beralkohol tradisional, dan minuman beralkohol campuran atau racikan sebagaimana dimaksud Pasal 4 Bab II Klasifikasi.</p>, <p><strong>Baca juga: <a href=""https://jogjapolitan.harianjogja.com/read/2020/11/13/512/1055204/sleman-gelar-pilkada-9-desember-bagaimana-coblosan-untuk-pengungsi-merapi"" title=""Sleman Gelar Pilkada 9 Desember, Bagaimana Coblosan untuk Pengungsi Merapi?"">Sleman Gelar Pilkada 9 Desember, Bagaimana Coblosan untuk Pengungsi Merapi?</a></strong></p>, <p>Sementara di dalam Pasal 4 terdapat keterangan lebih rinci dari berbagai golongan minuman beralkohol sebagaimana bunyi Pasal 7.</p>, <p>Bunyi Pasal 4:</p>, <p>. Minuman beralkohol yang dilarang diklasifikasi berdasarkan golongan dan kadarnya sebagai berikut:</p>, <p>a. Minuman Beralkohol golongan A adalah Minuman Beralkohol dengan kadar etanol (C2H5OH) lebih dari 1% (satu persen) sampai dengan 5% (lima persen);<br/>b. Minuman Beralkohol golongan B adalah Minuman Beralkohol dengan kadar etanol (C2H5OH) lebih dari 5% (lima persen) sampai dengan 20% (dua puluh persen); dan<br/>c. Minuman Beralkohol golongan C adalah Minuman Beralkohol dengan kadar etanol (C2H5OH) lebih dari 20% (dua puluh persen) sampai dengan 55% (lima puluh lima persen).</p>, <p>2. Selain Minuman Beralkohol berdasarkan golongan sebagaimana dimaksud pada ayat (1), dilarang Minuman Beralkohol yang meliputi:</p>, <p>a. Minuman Beralkohol tradisional; dan<br/>b. Minuman Beralkohol campuran atau racikan.</p>, <p>Kendati mengatur perihal sanksi pidana, namun RUU Larangan Minuman Beralkohol membuat pengecualian.</p>, <p>Ada sejumlah kriteria yang tidak dikenakan sanksi sebagaimana Pasal 20.</p>, <p>Aturan pengecualian tersebut terdapat dalam Pasal 8 Bab III Larangan.</p>, <p>Bunyi Pasal 8:</p>, <p>1. Larangan sebagaimana dimaksud dalam Pasal 5, Pasal 6, dan Pasal 7 tidak berlaku untuk kepentingan terbatas.</p>, <p>2. Kepentingan terbatas sebagaimana dimaksud ayat (1) meliputi:<br/>a. kepentingan adat<br/>b. ritual keagamaan<br/>c. wisatawan<br/>d. farmasi, dan<br/>e. tempat-tempat yang diizinkan oleh peraturan perundang-undangan</p>, <p>Sumber : Suara.com</p>]",,https://news.harianjogja.com/read/2020/11/13/500/1055222/di-ruu-minol-peminum-bisa-dipenjara-2-tahun-dan-denda-rp-50-juta,"Di RUU Minol, Peminum Bisa Dipenjara 2 Tahun dan Denda Rp 50 Juta",RUU
7,"[<p><strong>Harianjogja.com, JAKARTA</strong>- Pemilihan kepala desa (pilkades) yang semula dijadwalkan terselenggara pada 2020 ditunda hingga setelah Pemilihan Kepala Daerah (Pilkada) serentak 9 Desember 2020 selesai.<br/><br/>Menteri Dalam Negeri (Mendagri) Tito Karnavian mengatakan pertimbangannya karena darurat bencana pandemi COVID-19 di Indonesia dikhawatirkan berpotensi menimbulkan penularan apabila dilakukan tanpa protokol kesehatan yang ketat.<br/><br/>“Kita tunda setelah pilkada karena kita melihat pilkades ini belum dilengkapi dengan aturan yang bisa mengikat untuk pelaksanaan protokol COVID-19 seperti halnya pada pilkada,"" katanya, Kamis (12/11/2020) di Jakarta.</p>, <p><strong>Baca juga: <a href=""https://jogjapolitan.harianjogja.com/read/2020/11/13/512/1055201/ini-dua-pedukuhan-yang-jadi-prioritas-pembayaran-ganti-rugi-tol-jogja-solo"" title=""Ini Dua Pedukuhan yang Jadi Prioritas Pembayaran Ganti Rugi Tol Jogja-Solo"">Ini Dua Pedukuhan yang Jadi Prioritas Pembayaran Ganti Rugi Tol Jogja-Solo</a></strong></p>, <p>""Kita tentunya tidak ingin kegiatan yang masif di tingkat desa dapat menimbulkan penularan atau penyebaran COVID-19,"" kata Tito.<br/><br/>Seperti diketahui, pilkades diatur dalam Undang-Undang Nomor 6 Tahun 2014 tentang Desa, Peraturan Pemerintah (PP) Nomor 43 Tahun 2014, yang kemudian diubah dengan PP Nomor 47 Tahun 2015 dan Peraturan Mendagri (Permendagri) tentang Pemilihan Kepala Desa.<br/><br/>Mendagri menambahkan, Kemendagri mengeluarkan revisi agar pelaksanaan pilkades dilaksanakan setelah pilkada dengan mengambil konsep penerapan protokol kesehatan.<br/><br/>“Setelah pilkada selesai maka baru kita bisa melaksanakan pilkades yang waktunya ditentukan oleh kepala daerah tingkat II masing-masing baik bupati maupun wali kota, tapi dalam Permendagri ini ada tata cara tentang pelaksanaan pilkades sesuai dengan protokol COVID-19,” katanya.</p>, <p><strong>Baca juga: <a href=""https://jogjapolitan.harianjogja.com/read/2020/11/13/510/1055174/rawan-terjadi-penularan-covid-19-perkantoran-harus-ketat-terapkan-protokol-kesehatan"" title=""Rawan Terjadi Penularan Covid-19, Perkantoran Harus Ketat Terapkan Protokol Kesehatan"">Rawan Terjadi Penularan Covid-19, Perkantoran Harus Ketat Terapkan Protokol Kesehatan</a></strong></p>, <p>Lebih lanjut, Mendagri menegaskan peran sentral pelaksanaan pilkades berada di tangan bupati dan wali kota. Untuk itu, Mendagri berharap setelah rapat koordinasi, khusus untuk 19 kabupaten dan kota yang melaksanakan pilkades, segera berkoordinasi dengan Forkopimda, yaitu Kapolres, Dandim, Kajari dan lain sebagainya.<br/><br/>Menurut dia, akan ada dua tahap pelaksanaan pilkades, yaitu pada 2020 dan 2021. Untuk yang mendesak pada 2020, terdapat di 19 kabupaten, yang di dalamnya terdiri dari 1.464 desa.<br/><br/>Selanjutnya, Mendagri menyampaikan kepada kepala desa dan perangkat desa, bahwa penggunaan dana desa diizinkan apabila kesulitan mendapatkan dana dari APBD kabupaten/kota.<br/><br/>Sementara, kata dia, untuk pilkades yang diselenggarakan pada 2021 dinilai masih memiliki waktu untuk dianggarkan melalui APBD kabupaten/kota masing-masing.</p>, <p>Mendagri berharap gubernur dapat menjadi pengawas dalam pelaksanaan pilkades.<br/><br/>“Mengawasi dengan Forkopimda masing-masing, para Kapolda, Danrem, Pangdam, Kajati, Satgas COVID-19 provinsi agar turut mengawasi, memberikan arahan dalam rangka pelaksanaan pilkades yang mungkin ada di wilayahnya di provinsi masing-masing,” ujarnya.</p>, <p>Sumber : Antara</p>]",,https://news.harianjogja.com/read/2020/11/13/500/1055217/mendagri-tunda-pilkades-2020-setelah-pilkada-serentak,Mendagri Tunda Pilkades 2020 setelah Pilkada Serentak,Pilkades DIY
8,"[<p><strong>Harianjogja.com, JOGJA</strong>â€”Masyarakat yang ingin memperpanjang Surat Izin Mengemudi (SIM) tidak perlu datang ke Polres setempat tetapi bisa melalui program Bus SIM keliling atau SIM Masuk Desa (Simmade).</p>, <p>Berikut jadwal SIM Keliling Simmade hari Jumat (13/11/2020) dikutip dari akun Instagram.</p>, <p><strong>Kota Jogja</strong></p>, <p>SIM Keliling di Halaman Depan Puro Pakualaman</p>, <p><strong>Sleman</strong></p>, <p>Simmade tidak ada jadwal hari ini</p>, <p><strong>Gunungkidul</strong></p>, <p>Simmade di Terminal Wonosari pukul 08.00 WIB-12.00 WIB</p>, <p><strong>Kulonprogo</strong></p>, <p>SIM Corner di MPP Kulonprogo</p>, <p><strong>Bantul</strong></p>, <p>Simmade tidak ada jadwal</p>, <p>Bus SIM Keliling di Halaman Polres Bantul</p>, <p><strong>Bus SIM Keliling Ditlantas</strong></p>, <p>Lokasi di Halaman Kantor Radio Rakosa</p>, <p>Selain lokasi tersebut layanan Satpas masing-masing Polres dibuka setiap jam kerja.</p>]",https://img.harianjogja.com/posts/2020/11/13/1055225/surat-izin-mengemudi-sim.jpg?w=600=400,https://jogjapolitan.harianjogja.com/read/2020/11/13/510/1055225/simak-jadwal-sim-keliling-seluruh-diy-jumat-13-november-2020,Simak Jadwal SIM Keliling Seluruh DIY Jumat 13 November 2020,Surat Izin Mengemudi (SIM)
9,"[<p><strong>Harianjogja.com, JAKARTA</strong> - Masyarakat diimbau untuk kooperatif dalam pelacakan kontak erat (tracing) untuk mencegah penularan COVID-19. Hal itu diungkapkan Penasehat Menteri Koordinator Bidang Kemaritiman dan Investasi untuk peningkatan testing dan tracing Monica Nirmala.</p>, <p>""Kooperatif dalam proses pelacakan tadi, jadi kalau misalnya ada tenaga kesehatan yang menghubungi, maka kita jawab sesuai dengan apa adanya, jujur apa adanya,"" kata Monica dalam diskusi virtual Optimisme Masyarakat Terhadap 3T (<em>tracing, testing, treatment</em>) di Jakarta, Kamis (12/11/2020).</p>, <p>Pelacakan kontak erat merupakan bagian dari 3T (<em>tracing, testing</em> dan<em> treatment</em>), di samping deteksi atau <em>testing,</em> dan perawatan/pengobatan atau treatment.</p>, <p><strong>Baca juga: <a href=""https://sepakbola.harianjogja.com/read/2020/11/13/505/1055184/baru-main-kapten-kroasia-positif-covid-19-ketahuan-positif-covid-19"" title=""Baru Main, Kapten Kroasia Positif Covid-19 Ketahuan Positif Covid-19"">Baru Main, Kapten Kroasia Positif Covid-19 Ketahuan Positif Covid-19</a></strong></p>, <p>Monica mengimbau masyarakat untuk aktif terlibat dalam upaya 3T tersebut.</p>, <p>Terkait deteksi atau <em>testing,</em> Monica juga mengajak masyarakat untuk berani bersedia diperiksa terkait COVID-19.</p>, <p>Masyarakat juga perlu kooperatif dalam aspek perawatan, yang menjadi bagian dari 3T.</p>, <p><em>""Treatment</em> dalam bentuk isolasi maupun di rumah sakit maupun di rumah, ini juga perlu kooperatif untuk memberi diri dirawat sejak dini. Jadi jangan menunggu sakitnya parah, baru ke rumah sakit,"" tuturnya.</p>, <p><strong>Baca juga: <a href=""https://jogjapolitan.harianjogja.com/read/2020/11/13/510/1055174/rawan-terjadi-penularan-covid-19-perkantoran-harus-ketat-terapkan-protokol-kesehatan"" title=""Rawan Terjadi Penularan Covid-19, Perkantoran Harus Ketat Terapkan Protokol Kesehatan"">Rawan Terjadi Penularan Covid-19, Perkantoran Harus Ketat Terapkan Protokol Kesehatan</a></strong></p>, <p>Monica menuturkan dengan melakukan 3M (memakai masker, menjaga jarak dan menghindari kerumunan, serta mencuci tangan dengan sabun dan air mengalir) serta 3T, maka semua berupaya memutus rantai penularan COVID-19. Tindakan 3M dan 3T adalah upaya untuk melindungi diri sendiri dan orang lain.</p>, <p>""Saya ingin menekankan kepada publik bahwa jangan takut dengan tenaga kesehatan, justru mereka ingin memeriksa bapak/ibu karena mereka sayang sama bapak/ibu, ingin tahu bagaimana kondisi kesehatan bapak/ibu,"" ujarnya.</p>, <p>Dia juga mengharapkan tidak ada stigma terhadap orang yang diperiksa dan terinfeksi COVID-19 di tengah masyarakat.</p>, <p>Justru menurut dia, orang yang sedang sakit harus dibantu, bukan dikucilkan.</p>, <p>Managing Director di Ipsos Indonesia Soeprapto Tan mengajak masyarakat untuk membantu pemerintah menyukseskan implementasi 3T.</p>, <p>""Masyarakat harus bisa men-support (mendukung) pelaksanaan 3T, khususnya dalam hal <em>testing.</em> Jadi ini yang harus kita bantu pemerintah untuk implementasi sukses dari 3T karena kalau masyarakat sendiri tidak mau melakukan testing, ya saya rasa tracing itu akan sia-sia,"" ujarnya.</p>, <p>Soeprapto menuturkan peran masyarakat adalah secara sukarela melakukan deteksi dan perawatan dini terkait COVID-19.</p>, <p>""Paling tidak sebenarnya yang bisa dilakukan masyarakat saat ini untuk men-support 3T, adalah testing datang ke pos terdekat yang secara sukarela untuk melakukan testing,"" tuturnya.</p>, <p>Sumber : Antara</p>]",,https://news.harianjogja.com/read/2020/11/13/500/1055212/selain-3m-ketahui-istilah-3t-dalam-penanganan-covid-19,"Selain 3M, Ketahui Istilah 3T dalam Penanganan Covid-19",Ingat Pesan Ibu
10,"[<p><strong>Harianjogja.com, SLEMAN</strong>-- Kendaraan mirip tank yakni Hägglunds diterjunkan oleh PMI Pusat untuk penanganan kondisi darurat di kabupaten Sleman jika sewaktu-waktu Gunung Merapi terjadi erupsi. <em>Hägglunds</em> dinilai mampu menerjang medan yang berat, khususnya dalam melakukan evakuasi warga.</p>, <p>Komandan Satuan Tugas Darurat Bencana Merapi PMI Kabupaten Sleman Tri Joko Saptono mengatakan jika kendaraan Hägglunds disiapkan untuk melakukan evakuasi kepada masyarakat yang terancam akan bahaya Gunung Merapi.</p>, <p>""Ini bantuan dari PMI Pusat berupa armada berupa satu <em>Hägglunds.</em> Tidak hanya hägglunds, kami juga menerima bantuan dua truk tanki air bersih untuk menyediakan air bersih kepada masyarakat,"" ujar Tri saat dikonfirmasi di Posko Siaga Bencana Merapi PMI Kabupaten Sleman, di Pakem, Sleman, Kamis (12/11/2020).</p>, <p><strong>Baca juga: <a href=""https://jogjapolitan.harianjogja.com/read/2020/11/12/512/1055179/merapi-siaga-penambang-masih-beroperasi-di-kali-gendol"" title=""Merapi Siaga, Penambang Masih Beroperasi di Kali Gendol"">Merapi Siaga, Penambang Masih Beroperasi di Kali Gendol</a></strong></p>, <p>Hägglunds diperuntukkan untuk upaya evakuasi warga yang berada dalam ancaman Gunung Merapi. Kendaraan jenis <em>all terrain vehicle</em> ini memang diperuntukkan untuk melalui medan yang sulit seperti jalanan bersalju, bebatuan, tanah, lumpur, bahkan menembus air (amphibi).</p>, <p>""Kendaraan ini di segala medan bisa, kendaraan ini juga lebih tahan panas jika dibandingkan dengan ambulans atau kendaraan lainnya. Ini merupakan upaya persiapan kami jika memang harus melakukan evakuasi terhadap masyarakat yang terdampak. Nah, kami siap gunakan <em>hägglunds</em> ini,"" terang Tri.</p>, <p>Kendaraan <em>hägglunds</em> ini ternyata tidak bisa secara sembarangan dikendarai. Pasalnya, untuk menjadi orang dibalik kemudi <em>hägglunds</em> harus mengantongi sertifikat.</p>, <p>""Drivernya itu untuk relawan PMI DIY hanya satu orang. Harus bersertifikat. Bisa jadi, nanti selain relawan PMI DIY juga bisa dikendarai oleh unsur TNI seperti Kopassus dan personel lain yang mempunyai sertifikat,"" sambung Tri.</p>, <p><strong>Baca juga: <a href=""https://jogjapolitan.harianjogja.com/read/2020/11/12/512/1055180/pengungsi-merapi-di-cangkringan-185-orang-banyak-yang-dijemput-saudara"" title=""Pengungsi Merapi di Cangkringan 185 Orang, Banyak yang Dijemput Saudara"">Pengungsi Merapi di Cangkringan 185 Orang, Banyak yang Dijemput Saudara</a></strong></p>, <p><em>Hägglunds</em> sendiri pernah diterjunkan saat erupsi Gunung Merapi 2010 silam. Tepatnya di Glagaharjo untuk melakukan evakuasi. Saat itu, <em>Hägglunds</em> digunakan untuk melakukan evakuasi terhadap warga dan melewati medan yang cukup panas. Akan tetapi, unit <em>hägglunds</em> yang diturunkan saat ini berbeda dengan unit <em>hägglunds</em> yang diturunkan saat erupsi 2010 silam.</p>, <p>""2010 sudah pernah diterjunkan. Tapi ini <em>(hägglunds)</em> ganti sekarang. Unit yang diterjunkan saat 2010 sedang dilakukan perbaikan. <em>Hägglunds</em> ini tiba sudah dua hari yang lalu Selasa (10/11/2020),"" ungkap Tri.</p>, <p>Hägglunds milik PMI Pusat sendiri akan ditemani oleh hägglunds milik Basarnas. Kedua hägglunds saat ini sudah terparkir di halaman Posko Siaga Bencana Merapi PMI Kabupaten Sleman, di Pakem, Sleman.</p>, <p>""Selain <em>hägglunds</em> milik PMI Pusat, Basarnas juga mengirimkan satu unit hägglunds. Keduanya, siap untuk beroperasi. Insya Allah, untuk evakuasi lebih aman ya jika dibandingkan ambulans yang kami miliki saat ini,"" jelasnya.</p>, <p>Kapasitas hägglunds sendiri berkisar antara enam penumpang. Dua orang terdiri dari supir dan kernet dan empat orang relawan PMI. Sedangkan, di bagian belakang bisa menampung sekitar 11 orang yang dilakukan evakuasi.</p>, <p>Ketua Bidang Penanggulangan Bencana PMI, Letnan Jenderal TNI (Purn) Sumarsono sebelumnya menyampaikan bahwa penyerahan bantuan kendaraan operasional tersebut merupakan upaya dalam mendukung Pemkab Sleman dalam persiapan menghadapi resiko terjadinya bencana Merapi.</p>, <p>""Mengingat Pemkab Sleman saat ini telah melakukan evakuasi terkait adanya perubahan status Gunung Merapi menjadi siaga,"" imbuhnya.</p>, <p>Adapun, bantuan kendaraan operasional yang diserahkan PMI Pusat kepada Pemkab Sleman yaitu berupa satu unit kendaraan tangki air yang bersifat hibah, satu kendaraan tangki air pinjam pakai dan satu unit kendaraan hägglunds yang bersifat pinjam pakai.</p>]",https://img.harianjogja.com/posts/2020/11/13/1055205/haglunds-ok.jpg?w=600=400,https://jogjapolitan.harianjogja.com/read/2020/11/13/512/1055205/mengenal-hagglunds-kendaraan-amphibi-yang-disiapkan-untuk-evakuasi-erupsi-merapi,"Mengenal Hagglunds, Kendaraan Amphibi yang Disiapkan untuk Evakuasi Erupsi Merapi",gunung merapi
11,"[<p><strong>Harianjogja.com, KULONPROGO</strong>-- Dinas Pemberdayaan Perempuan Perlindungan Anak dan Pengendalian Penduduk (DP3AP2) DIY menetapkan SMA N 1 Temon, Kulonprogo sebagai sekolah ramah anak (SRA). Penetapan itu ditandai dengan deklarasi dan pencanangan SRA di komplek SMA N 1 Temon, Kamis (12/11/2020).</p>, <p>Kepala DP3AP2 DIY, Erlina Hidayati mengatakan pencanangan ini sebagai tindak lanjut atas sosialisasi dan bimbingan teknis terkait pembentukan SRA yang digelar jawatannya pada Oktober 2020 lalu. Dalam kegiatan itu, DP3AP2 DIY mengundang sejumlah SMA dan SMK sederajat se DIY termasuk SMA N 1 Temon.</p>, <p>""SMA N 1 Temon bergerak cepat hingga akhirnya dilakukan pencanangan ini. Sekitar tiga minggu lalu kami kumpulkan sejumlah sekolah di DIY untuk sosialisasi sekolah ramah anak, bimtek dan memotivasi serta menginisiasi sekolah ramah anak baru,"" kata Erlina.</p>, <p><strong>Baca juga: <a href=""https://jogjapolitan.harianjogja.com/read/2020/11/12/512/1055180/pengungsi-merapi-di-cangkringan-185-orang-banyak-yang-dijemput-saudara"" title=""Pengungsi Merapi di Cangkringan 185 Orang, Banyak yang Dijemput Saudara"">Pengungsi Merapi di Cangkringan 185 Orang, Banyak yang Dijemput Saudara</a></strong></p>, <p>Erlina menjelaskan, SRA merupakan satuan pendidikan formal, non formal dan informal yang aman, bersih dan sehat, peduli dan berbudaya lingkungan hidup, mampu menjamin, memenuhi, menghargai hak-hak anak dan perlindungan anak dari kekerasan, diskriminasi, dan perlakuan salah lainnya. Selain itu juga mendukung partisipasi anak terutama dalam perencanaan, kebijakan, pengawasan, dan mekanisme pengaduan terkait pemenuhan hak dan perlindungan anak di pendidikan.</p>, <p>Dengan dicanangkannya SMA N 1 Temon sebagai SRA, maka mengharuskan sekolah ini untuk benar-benar melindungi anak didiknya dari hal-hal yang berkaitan dengan kekerasan anak baik itu kekerasan fisik maupun psikis. ""Setelah dicanangkan, sekolah ini akan mendapatkan pembinaan lebih lanjut dari instansi terkait di Kulonprogo dan DIY,"" jelas Erlina.</p>, <p><strong>Baca juga: <a href=""https://jogjapolitan.harianjogja.com/read/2020/11/12/510/1055189/bijak-bermedia-sosial-dalam-beragam-kegiatan"" title=""Bijak Bermedia Sosial dalam Beragam Kegiatan"">Bijak Bermedia Sosial dalam Beragam Kegiatan</a></strong></p>, <p>Kepala SMA N 1 Temon, Totok Setyadi mengatakan setelah pencanangan ini pihaknya akan segera melakukan tindak lanjut agar proses belajar mengajar di SMA N 1 Temon bisa sesuai dengan program SRA.</p>, <p>""Perubahan yang paling mendasar adalah mindset guru yang semula itu hanya sebatas mengajar nanti harus bisa membimbing dan menjadi sahabat anak,"" ujarnya.</p>, <p>Totok berharap, setelah sekolah ini menjadi SRA, bisa menginspirasi sekolah lain di Kulonprogo untuk mengikuti jejak mereka. Di samping itu, juga menjadikan SMA N 1 Temon sebagai ikon SRA di Kulonprogo.</p>]",https://img.harianjogja.com/posts/2020/11/13/1055207/sman-1-temon-ok.jpg?w=600=400,https://jogjapolitan.harianjogja.com/read/2020/11/13/514/1055207/sma-n-1-temon-dicanangkan-jadi-sekolah-ramah-anak,SMA N 1 Temon Dicanangkan Jadi Sekolah Ramah Anak,pendidikan
12,"[<p><strong>Aktivitas Dua Kecamatan Dibatasi</strong><br/>BANTUL- Pemerintah Kabupaten Bantul menyatakan saat ini sudah dua kecamatan di Bumi Projotamansari yang masuk dalam zona merah atau ona penularan Covid-19 yang tergolong tinggi.</p>, <p><strong>RUU Larangan Minol Disorot</strong><br/>JAKARTA- Sejumlah anggota DPR mengajukan Rancangan Undang-Undang (RUU) Larangan Minuman Beralkohol.</p>, <p><strong>Perubahan Perilaku Karyawan Harus Nyata</strong><br/>JOGJA- Perkantoran menjadi salah satu lokasi yang berpotensi menjadi tempat penyebaran virus corona. Untuk mengantisipasi hal ini, perkantoran harus ketat menerapkan protokol kesehatan. Bukan sekadar fasilitas yang mendukung, tapi juga perubahan perilaku karyawan sangat penting.</p>, <p><strong>Jalur Tambang ke Kali Gendol Ditutup</strong><br/>SLEMAN- Pemkab Sleman menutup area penambangan pasir di sungai yang berhulu di Gunung Merapi. Penutupan dilakukan menyusul naiknya status Gunung Merapi menjadi siaga (level tiga).</p>, <p><strong>Wisata Layang-Layang Dibatasi Demi Keamanan dan Prokes</strong><br/>BANTUL- Dinas Pariwisata (Dispar) Bantul tak merekomendasikan wisatawan mengakses wisata ekstrem menaiki layang-layang raksasa di kawasan Gumuk Pasir Parangtritis. Unsur keamanan yang rendah berpotensi memicu terjadinya kecelakaan bagi wisatawan. Dispar juga bakal menerapkan zonasi agar protokol kesehatan (prokes) pencegahan Covid-19 bisa dipatuhi.</p>, <p><strong>Kekerasan Seksual Anak Masih Menghantui</strong><br/>KULONPROGO- Kasus kekerasan seksual terhadap anak masih terjadi di Kulonprogo. Bahkan tahun ini, ada puluhan kasus yang dilaporkan kepada Dinas Sosial, Pemberdayaan, Perempuan dan Perlindungan Anak (Dinsos P3A) setempat.</p>, <p><strong>Pakai Masker demi Perlindungan 2 Arah</strong><br/>JAKARTA- SARS-CoV-2 penyebab Covid-19 dapat menyebar melalui droplet dari satu orang ke orang lainnya jika salah satu atau kedua belah pihak tidak melakukan pencegahan. Penggunaan masker denan benar dapat memberikan perlindungan dua arah.</p>, <p><strong>KRL Masih Diuji Coba</strong><br/>JOGJA- Rencana soft launching Kereta Rel Listrik (KRL) Jogja-Solo yang sedianya dilakukan pada awal November dipastikan mundur.</p>, <p><strong>Presiden Jokowi Dorong Penguatan Kolaborasi ASEAN dan RRT</strong><br/>JAKARTA- Presiden Joko Widodo (Jokowi) mendorong penguatan kolaborasi antara Perhimpunan Bangsa-Bangsa di Asia Tenggara (ASEAN) dan Republik Rakyat Tiongkok (RRT) jelang tiga dekade kemitraan kedua pihak pada 2021.</p>, <p>Lebih lengkap Anda dapat membaca<em> Harian Jogja</em> dalam versi cetak. Dapatkan<em> Harian Jogja</em> dengan harga Rp3.000 di agen terdekat.<br/><br/>Anda juga dapat mengakses <em>Harian Jogja</em> versi digital dengan berlangganan di<a href=""https://cms9.bisnis.com/admin/article/epaper.harianjogja.com""><em> epaper.harianjogja.com</em></a>.<br/><br/>Selamat membaca. <em>Harian Jogja,</em> berbudaya, membangun kemandirian.</p>, <p/>, <p/>]",https://img.harianjogja.com/posts/2020/11/13/1055211/13-11.jpg?w=600=400,https://jogjapolitan.harianjogja.com/read/2020/11/13/510/1055211/harian-jogja-hari-ini-aktivitas-dua-kecamatan-dibatasi,HARIAN JOGJA HARI INI : Aktivitas Dua Kecamatan Dibatasi,harian jogja hari ini
13,"[<p><strong>Harianjogja.com, SLEMAN-</strong> Komisi Pemilihan Umum (KPU) Sleman sudah menyiapkan kebutuhan logistik untuk Pilkada Sleman pada 9 Desember mendatang. Hanya saja terkait pemilih yang berstatus pengungsi di barak pengungsian, KPU masih menunggu aturan hukum yang mengatur persoalan tersebut.<br/><br/>Ketua KPU Sleman Trapsi Haryadi mengatakan persoalan pemilih yang mengungsi akibat potensi bencana erupsi Merapi masih dikonsultasikan dengan KPU DIY. KPU Sleman belum menetapkan bagaimana proses pemungutan bagi pemilih yang berada di lokasi pengungsian. Pihaknya masih menunggu hasil konsultasi yang dilakukan.</p>, <p><strong>Baca juga: <a href=""https://news.harianjogja.com/read/2020/11/12/500/1055166/antisipasi-covid-19-sukarelawan-pengungsian-merapi-ikuti-rapid-test"" title=""Antisipasi Covid-19, Sukarelawan Pengungsian Merapi Ikuti Rapid Test"">Antisipasi Covid-19, Sukarelawan Pengungsian Merapi Ikuti Rapid Test</a></strong></p>, <p>""Kami masih konsultasikan masalah ini ke KPU DIY agar pelaksanaan Pilkada sesuai dengan regulasi. Kami membutuhkan payung hukum. Kalau nanti berjalan tidak sesuai dengan aturan nanti bisa cacat hukum,"" ujarnya, Kamis (12/11/2020).<br/><br/>Konsultasi dilakukan, kata Trapsi, sebagai bentuk payung hukum atau regulasi pelaksanakan pemilihan sebelum bencana terjadi. Pasalnya, menurut Trapsi, PKPU 8/2018 tentang pemungutan suara, penghitungan suara dan rekapitulasi suara belum menjawab persoalan ketika sebelum bencana. PKPU 8/2018, kata Trapsi, hanya mengatur soal pemungutan suara saat terjadi bencana.</p>, <p><strong>Baca juga: <a href=""https://jogjapolitan.harianjogja.com/read/2020/11/12/512/1055179/merapi-siaga-penambang-masih-beroperasi-di-kali-gendol"" title=""Merapi Siaga, Penambang Masih Beroperasi di Kali Gendol"">Merapi Siaga, Penambang Masih Beroperasi di Kali Gendol</a></strong></p>, <p>""Kalau saat bencana masih dimungkinkan dilakukan pemilu susulan, kan kondisi Merapi saat ini masih belum terjadi bencana,"" ujar Trapsi.<br/><br/>Akibat kekosongan dasar hukum tersebut, pihaknya menunggu hasil konsultasi terkait naiknya status Merapi saat ini dari level waspada menjadi siaga. ""Kami sudah usulkan opsi TPS disiapkan di lokasi pengungsian. Tapi ini masih belum final, belum ditetapkan. Sebab pemilih pindah dalam konteks umum bisa dilakukan tiga hari sebelum pemilihan,"" katanya. <br/><br/>Disinggung soal pengadaan surat suara dan kebutuhan logistik lainnya, Trapsi menyebut sudah tidak ada persoalan. KPU sudah menyiapkan seluruh kebutuhan logistik Pilkada yang semuanya selesai pada November ini. Termasuk nanti pengepakan surat suara dengan alat kelengkapan yang lain.<br/><br/>Terkait kotak suara, Trapsi mengatakan jika kotak suara yang disediakan terbuat dari bahan karton. Setiap TPS nanti hanya memiliki satu kotak suara. Adapun surat suara yang dicetak oleh KPU sebanyak 715.791 lembar. ""Untuk kebutuhan logistik Pilkada kami sudah siap. Kebutuhan logistik Pilkada, sudah dianggarkan sekitar Rp2 miliar. Itu perencanaan kami,"" ungkapnya.</p>]",https://img.harianjogja.com/posts/2020/11/13/1055204/pemilu-2019-pemungutan-suara-ok.jpg?w=600=400,https://jogjapolitan.harianjogja.com/read/2020/11/13/512/1055204/sleman-gelar-pilkada-9-desember-bagaimana-coblosan-untuk-pengungsi-merapi,"Sleman Gelar Pilkada 9 Desember, Bagaimana Coblosan untuk Pengungsi Merapi?",gunung merapi
14,"[<p><strong>Harianjogja.com, SLEMAN</strong>—Tim <em>appraisal</em> (penaksir harga tanah) dari Badan Pertanahan Nasional (BPN) DIY mulai mencocokkan data lahan terdampak pembangunan Tol Jogja-Solo, Kamis (12/11/2020). Dua lokasi yang jadi prioritas pembayaran ganti rugi adalah Kadirojo 2 dan Temanggal 2, Kalurahan Purwomartani, Kalasan, Sleman.</p>, <p>Masing-masing tim beranggotakan tiga orang. Mereka sudah membawa berkas berisi data masing-masing lahan dan bangunan milik warga terdampak. Data tersebut sebelumnya diperoleh Satgas A dan Satgas B yang lebih dulu turun ke warga.</p>, <p><strong>BACA JUGA: <a href=""https://jogjapolitan.harianjogja.com/read/2020/11/12/512/1055179/merapi-siaga-penambang-masih-beroperasi-di-kali-gendol"" title=""Merapi Siaga, Penambang Masih Beroperasi di Kali Gendol"">Merapi Siaga, Penambang Masih Beroperasi di Kali Gendol</a></strong></p>, <p>""Kami mencocokkan data yang sudah ada. Berapa luas bangunan, kondisi bangunan, jumlah tanaman dan lainnya. Semua dicocokan dengan berkas yang kami bawa,"" kata Ryan, salah seorang anggota tim penaksir saat melakukan pencocokan data di Dusun Temanggal 2.</p>, <p>Tim juga menanyakan ulang data-data yang dirasa belum lengkap kepada para pemilik lahan. Tim akan mencatat kekurangan data ke dalam berkas sebelum warga menandatangani berkas persetujuan. ""Kami lakukan pendataan ini secara transparan. Targetnya sekitar 40 bidang dulu kemudian dilanjutkan sampai selesai. Nanti tim Kadirojo 2 akan membantu kalau belum selesai. Sebab di sini yang dicocokkan ada 190 bidang,"" ujar dia.</p>, <p>Kepala Dusun Temanggal 2 Purwomartani, Ngadiyono, mengatakan pencocokan dilakukan sesuai data yang sebelumnya disampaikan oleh warga. Data-data tersebut disusun oleh tim Satgas B kemudian di-<em>review</em> oleh warga. Warga yang keberatan dengan hasil pendataan kemudian mengajukan sanggahan atau perbaikan.</p>, <p><strong>BACA JUGA: <a href=""https://jogjapolitan.harianjogja.com/read/2020/11/12/510/1055186/nilai-investasi-proyek-tol-jogja-bawen-rp14-triliun"" title=""Nilai Investasi Proyek Tol Jogja-Bawen Rp14 Triliun"">Nilai Investasi Proyek Tol Jogja-Bawen Rp14 Triliun</a></strong></p>, <p>Di Temanggal 2, ada 193 bidang yang terdampak jalan tol. Sebagian besar bidang terdampak berupa lahan sawah dan hanya sedikit saja yang berupa bangunan. Dari jumlah tersebut, pemberkasan tiga bidang belum selesai karena terganjal masalah pembagian waris. Ada juga lahan yang pemiliknya sampai saat ini belum ditemukan.</p>, <p>""Pengecekan tetap berjalan sampai nanti proses pembayaran tetap dilanjutkan. Kalau belum selesai, maka dana ganti untungnya akan dititipkan ke pengadilan,"" katanya.</p>, <p>Ngadiyono mengatakan pembebasan lahan di  Temanggal 2 dan Kadirojo 2 diprioritaskan untuk diselesaikan tahun ini. ""Jika tidak ada perubahan atau rintangan, proses pembayaran ganti untung dilakukan Desember mendatang. Mudah-mudahan,"" ujarnya.</p>, <p><strong>BACA JUGA: <a href=""https://news.harianjogja.com/read/2020/11/12/500/1055170/habib-rizieq-tawarkan-rekonsiliasi-dengan-pemerintah-istana-tidak-perlu"" title=""Habib Rizieq Tawarkan Rekonsiliasi dengan Pemerintah, Istana: Tidak Perlu"">Habib Rizieq Tawarkan Rekonsiliasi dengan Pemerintah, Istana: Tidak Perlu</a></strong></p>, <p>Hal senada disampaikan Kepala Kadirojo 2 Petrus Budi Santosa. ""Targetnya per hari 30 bidang, bisa tiga sampai empat hari selesai,"" kata Budi.</p>, <p>""Tim ini hanya mencocokkan data tetapi tidak sampai mengeluarkan berapa nilainya. Setelah tim selesai mencocokan data, warga akan dikumpulkan untuk penawaran harga sebelum proses pembayaran,"" ujarnya.</p>, <p>Staff Pejabat Pembuat Komitmen (PPK) Satker Pelaksana Jalan Bebas Hambatan (PJBH) Tol Jogja-Solo Galih Alfandi mengatakan di Kadirojo 2 dan Temanggal 2 ada 294 bidang yang akan dibebaskan untuk proyek Tol Jogja-Solo.</p>, <p>“Pedukuhan tersebut yang akan diprioritaskan untuk pembayaran [ganti untung] pada Desember,"" kata Galih.</p>]",https://img.harianjogja.com/posts/2020/11/13/1055201/jalan-tol-jogja-solo.jpg?w=600=400,https://jogjapolitan.harianjogja.com/read/2020/11/13/512/1055201/ini-dua-pedukuhan-yang-jadi-prioritas-pembayaran-ganti-rugi-tol-jogja-solo,Ini Dua Pedukuhan yang Jadi Prioritas Pembayaran Ganti Rugi Tol Jogja-Solo,jalan tol
15,"[<p><strong>Harianjogja.com, JOGJA</strong>—Malioboro resmi ditetapkan sebagai kawasan tanpa rokok (KTR). Langkah ini merupakan upaya Pemerintah Kota (Pemkot) Jogja meningkatkan kenyamanan dan keamanan wisatawan saat berkunjung dan menikmati suasana destinasi wisata utama di DIY tersebut.</p>, <p>“Sebenarnya upaya menjadikan Malioboro sebagai kawasan tanpa rokok  sudah cukup lama. Pada akhir Maret seharusnya sudah bisa dideklarasikan, tetapi karena pandemi Covid-19, mundur menjadi saat ini,” kata Wakil Wali Kota Jogja Heroe Poerwadi saat Deklarasi Penetapan KTR, Kamis (12/11/2020).</p>, <p><strong>BACA JUGA: <a href=""https://jogjapolitan.harianjogja.com/read/2020/11/12/512/1055179/merapi-siaga-penambang-masih-beroperasi-di-kali-gendol"" title=""Merapi Siaga, Penambang Masih Beroperasi di Kali Gendol"">Merapi Siaga, Penambang Masih Beroperasi di Kali Gendol</a></strong></p>, <p>Deklarasi tersebut bertepatan dengan peringatan Hari Kesehatan Nasional 2020. Penetapan Malioboro sebagai kawasan tanpa rokok sesuai dengan Peraturan Daerah No. 2.2017 tentang Kawasan Tanpa Rokok.</p>, <p>Meski Malioboro menjadi kawasan tanpa rokok, bukan berarti wisatawan atau warga masyarakat tidak diperbolehkan merokok di sana. Masyarakat tetap masih bisa merokok di tempat-tempat yang sudah disiapkan.</p>, <p>Di sepanjang Malioboro dari ujung utara hingga selatan, terdapat empat tempat khusus merokok, yaitu di TKP Abu Bakar Ali, halaman Malioboro Mall, Ramayana sisi utara dan di lantai ketiga Pasar Beringharjo.</p>, <p>Heroe menyebut penetapan Malioboro sebagai kawasan tanpa rokok harus disertai dengan sosialisasi kepada seluruh komunitas, masyarakat hingga wisatawan. Selanjutnya evaluasi sekaligus penyempurnaan sarana dan prasarana pendukung sehingga pelaksanaan kawasan tanpa rokok bisa berjalan dengan lebih baik.</p>, <p><strong>BACA JUGA: <a href=""https://jogjapolitan.harianjogja.com/read/2020/11/12/510/1055186/nilai-investasi-proyek-tol-jogja-bawen-rp14-triliun"" title=""Nilai Investasi Proyek Tol Jogja-Bawen Rp14 Triliun"">Nilai Investasi Proyek Tol Jogja-Bawen Rp14 Triliun</a></strong></p>, <p>“Baru kemudian hukum ditegakkan sesuai dengan aturan yang berlaku, sehingga Malioboro benar-benar menjadi kawasan tanpa rokok,” katanya.</p>, <p>Heroe berharap pada November sampai pertengahan Desember sosialisasi dapat berjalan dengan baik dan akhir Desember kawasan Malioboro bebas asap rokok. ""Sehingga waktu liburan akhir tahun betul-betul kawasan tanpa rokok,” kata dia.</p>, <p>Heroe berharap penerapan kawasan tanpa rokok di Malioboro dapat dijadikan sebagai referensi bagi tempat wisata lain untuk menempuh langkah serupa.  “Misalnya di Taman Pintar dan sejumlah museum juga melarang pengunjung merokok,” katanya.</p>, <p><strong>BACA JUGA: <a href=""https://jogjapolitan.harianjogja.com/read/2020/11/12/514/1055171/kekerasan-seksual-terhadap-anak-hantui-kulonprogo-10-bulan-ada-45-kasus"" title=""Kekerasan Seksual Terhadap Anak Hantui Kulonprogo, 10 Bulan Ada 45 Kasus"">Kekerasan Seksual Terhadap Anak Hantui Kulonprogo, 10 Bulan Ada 45 Kasus</a></strong></p>, <p>Sementara itu, Kepala Dinas Kesehatan Kota Jogja Emma Rahmi Aryani mengatakan pendeklarasian KTR sudah direncanakan pada 24 Maret. ""Semuanya sudah siap, karena adanya Covid-19 ditunda dan baru sekarang ketika ada momen HKN kami <em>launching</em>,” ujar dia</p>, <p>“Penetapan ini juga sejalan dengan upaya kami untuk mencegah penularan Covid-19. Tidak merokok pun menjadi bagian dari kampanye pencegahan penularan Covid-19.""</p>, <p><strong>BACA JUGA: <a href=""https://news.harianjogja.com/read/2020/11/12/500/1055170/habib-rizieq-tawarkan-rekonsiliasi-dengan-pemerintah-istana-tidak-perlu"" title=""Habib Rizieq Tawarkan Rekonsiliasi dengan Pemerintah, Istana: Tidak Perlu"">Habib Rizieq Tawarkan Rekonsiliasi dengan Pemerintah, Istana: Tidak Perlu</a></strong></p>, <p>Saat ini, protokol kesehatan pencegahan penularan Covid-19 tidak cukup dengan 4M atau memakai masker, mencuci tangan, menjaga jarak, dan menjauhi kerumunan, tetapi ditambah TM atau tidak merokok.</p>, <p>“Puntung rokok bisa menjadi media perantara virus. Apalagi, jika puntung rokok dibuang sembarangan. Tentunya akan lebih baik jika tidak merokok atau merokok di tempat yang sudah disiapkan,” katanya.</p>, <p>Selain kawasan wisata sebagai salah satu tempat umum, fasilitas lain yang diatur sebagai kawasan tanpa rokok dalam Perda 2 Tahun 2017 adalah tempat pelayanan kesehatan, tempat pendidikan, tempat bermain anak, tempat ibadah, angkutan umum, tempat kerja, dan tempat lain yang ditetapkan.</p>]",https://img.harianjogja.com/posts/2020/11/13/1055200/malioboro-rokok.jpg?w=600=400,https://jogjapolitan.harianjogja.com/read/2020/11/13/510/1055200/malioboro-resmi-jadi-kawasan-tanpa-rokok,Malioboro Resmi Jadi Kawasan Tanpa Rokok,Malioboro
16,"[<p><b>Harianjogja.com</b><strong>, JAKARTA</strong>â€”Indonesia masih mengimpor minyak dan gas bumi untuk memenuhi kebutuhan di dalam negeri.</p>, <p>Sekretaris Jenderal Dewan Energi Nasional Djoko Siswanto menjelaskan Indonesia masih memiliki ketergantungan dari negara lain untuk komoditas <i>liquefied petroleum gas</i> (LPG) dan beberapa produk bensin.</p>, <p>Untuk LPG, katanya, rasio ketergantungan Indonesia untuk impor komoditas itu semakin meningkat setiap tahun. Pada tahun ini, rasio ketergantungan mencapai 300 persen. Di sisi lain, produksi dalam negeri terus merosot.</p>, <p>""Impor BBM dan LPG terus meningkat ini tanda krisis energi untuk dua komoditas ini. Cadangan dan sumber daya belum ditemukan signifikan, regulasi cadangan penyangga energi juga belum <i>diteken</i> presiden, impor minyak mentah masih cukup tinggi dan bergantung pada negara timur,"" katanya dalam webinar yang digelar Asosiasi Perusahaan Pemboran Minyak, Gas dan Panas Bumi Indonesia (Apmi), Kamis, (12/11/2020).</p>, <p>Lebih lanjut, tutur Djoko, kebutuhan Indonesia akan makin meningkat apabila nantinya seluruh kilang yang sedang dipersiapkan telah rampung.</p>, <p>Kebutuhan minyak mentah akan meningkat menjadi 1,8 juta barel pada saat kilang-kilang itu rampung, sedangkan pada saat ini produksi di dalam negeri hanya mencapai 700.000 barel per hari.</p>, <p>""Produksi kita minyak mentah turun, kebutuhan makin meningkat apalagi kalau bangun kilang baru,"" jelasnya.</p>, <p>Sumber : JIBI/Bisnis Indonesia</p>]",,https://news.harianjogja.com/read/2020/11/13/500/1055199/impor-migas-masih-besar-apakah-indonesia-krisis-energi,"Impor Migas Masih Besar, Apakah Indonesia Krisis Energi?",impor
17,"[<p><strong>Harianjogja.com, JAKARTA</strong> – Pemain belakang Timnas Kroasia Domagoj Vida sempat bermain pada babak pertama saat timnya seri 3–3 melawan Turki dalam laga uji coba, sebelum timnya mendapatkan informasi bahwa dia positif Covid-19, kata asosiasi sepak bola negara itu pada Kamis (12/11/2020).</p>, <p>Semua pemain Kroasia, termasuk bek tengah Besiktas Vida, dinyatakan negatif pada Senin (9/11/2020) dan menjalani lagi tes rutin menjelang laga persahabatan melawan tuan rumah Turki di Istanbul. Kroasia akan menjalani laga Nations League melawan Swedia pada Minggu (15/11/2020) dini hari WIB.</p>, <p>Bek tengah berpengalaman itu diturunkan sebagai starter dalam laga itu sebagai kapten Timnas Kroasia dan sempat menyia-nyiakan tendangan penalti pada babak pertama.</p>, <p>Manajemern tim Turki awalnya diberi tahu potensi hasil positif beberapa saat sebelum babak kedua mulai ketika tim Zlatko Dalic sudah memasang Filip Uremovic untuk menggantikan Vida.</p>, <p>Vida, 31 tahun dan menjadi bagian skuad negaranya saat finis sebagai <em>runner-up</em> Piala Dunia 2018, segera diisolasi dari skuadnya sebelum tes ulang memastikan dia positif.</p>, <p>Ofisial Kroasia menyatakan dia perlu beberapa hari menjalani isolasi mandiri di Istanbul yang merupakan markas klub Besiktas, yang memang merupakan klub tempatnya bermain, ketika timnya bertandang ke Stockholm.</p>, <p>Anggota tim lainya dalam delegasi mereka dites positif, tetapi tidak melakukan kontak dengan tim atau staf.</p>, <p>Setelah melawan Swedia, Kroasia akan menjamu Portugal pada Rabu (18/11/2020) dini hari WIB dalam pertandingan Grup 3 Nations League A.</p>, <p>Sumber : Bisnis Indonesia</p>]",,https://sepakbola.harianjogja.com/read/2020/11/13/505/1055184/baru-main-kapten-kroasia-ketahuan-positif-covid-19,"Baru Main, Kapten Kroasia Ketahuan Positif Covid-19",sepak bola internasional
18,"[<p><strong>Harianjogja.com</strong>, JAKARTA - Diego Maradona segera keluar dari rumah sakit setelah keadaan berangsur membaik sejak menjalani operasi otak pekan lalu, menurut dokter pribadinya Leopoldo Luque.</p>, <p>Legenda sepak bola asal Argentina tersebut harus menjalani operasi sehari setelah dirawat di rumah sakit karena kekhawatiran akan anemia dan dehidrasi.</p>, <p>Luque memberikan informasi terbaru tentang kondisi kesehatan juara dunia yang berusia 60 tahun itu, yang merupakan pelatih klub Argentina Gimnasia y Esgrima La Plata.</p>, <p>""Diego memiliki gambaran klinis yang sangat bagus, sangat baik dalam hal operasi dan gambaran penarikan diri yang telah kami bicarakan,"" ujar Luque, seperti dilansir dari Goal, Rabu (11/11/2020).</p>, <p>""Pemulangan sedang dipertimbangkan, dia benar-benar ingin pergi dan, meskipun dia telah menyatakan keinginan ini, ini adalah konteks lain dan gambaran klinis lain,” lanjutnya.</p>, <p>“Seorang pasien dengan konsistensi yang baik meminta kami untuk dipulangkan dan kami sedang memesan tempat yang akan menerima dia, rumah yang nyaman untuk kesembuhannya.""</p>, <p>“Ini dihasilkan berkat dukungan para dokter dan rumah sakit, tetapi di atas semua itu dengan dukungan lingkungan, keluarga, dan perwakilan mereka. Pemulangan Diego sudah dekat, dia tidak akan pergi hari ini tetapi akan segera,"" tandasnya.</p>, <p>Maradona memenangkan Piala Dunia bersama Argentina pada 1986 dan membawa Napoli meraih dua gelar Serie A. Ia kini menangani klub Superliga Argentina Gimnasia sejak 2019.</p>, <p>Sumber : Bisnis Indonesia</p>]",,https://sepakbola.harianjogja.com/read/2020/11/13/505/1055185/operasi-otak-kondisi-maradona-berangsur-membaik,"Operasi Otak, Kondisi Maradona Berangsur Membaik",sepak bola internasional
19,"[<p><strong>Harianjogja.com</strong>, JAKARTA – Atletico Madrid ingin mendatangkan bintang AC Milan Hakan Calhanoglu dengan status bebas biaya transfer pada akhir musim 2020–2021, menurut <i>AS</i> yang dikutip <i>Football Italia</i> pada Rabu (11/11/2020)</p>, <p>Kontrak pemain Timnas Turki itu di Milan akan berakhir pada Juni 2021 dan pembicaraan untuk memperpanjang masa tinggalnya di klub semakin rumit, menurut laporan yang berkembang di Italia.</p>, <p>Meskipun mantan bintang Bayer Leverkusen tersebut ingin bertahan di Milan, kabarnya agennya sudah menawarinya ke beberapa klub top Eropa.</p>, <p>Calhanoglu memiliki kontrak bernilai 2,5 juta euro per tahun di San Siro, markas Milan, dan permintaan untuk memperpanjang masa tinggalnya di klub tidak kurang dari 5 juta euro.</p>, <p>Ada beberapa laporan lain di Italia yang mengklaim bahwa permintaan pemain berkisar antara 6 juta euro dan 6,5 juta euro per tahun.</p>, <p>Manchester United juga dikabarkan meminati jasa gelandang serang tersebut, yang kelahiran Mannheim, Jerman, pada 8 Februari 1994.</p>, <p>Dia mendapatkan kontrak profesional pertamanya di Karlsruher, yang sekarang berkompetisi di 2.Bundesliga (divisi 2 Jerman), pada 2011 setelah 2 tahun bergabung dengan tim muda klub tersebut.</p>, <p>Berselang 2 tahun kemudian dia pindah ke Hamburg dan setahun kemudian meninggalkan klub kota pelabuhan tersebut untuk berseragam Bayer Leverkusen dan akhirnya pada 2017 bergabung dengan Milan.</p>, <p>Jika tidak tercapai kesepakatan perpanjangan kontrak di Milan hingga Januari 2021, pada jendela transfer musim dingin awal tahun depan itu dia sudah boleh membahas dengan klub lain untuk pelabuhan baru karirnya.</p>, <p>Sumber : Bisnis Indonesia</p>]",,https://sepakbola.harianjogja.com/read/2020/11/13/505/1055182/masa-depan-calhanoglu-tak-jelas-atletico-mengintai,"Masa Depan Calhanoglu Tak Jelas, Atletico Mengintai",sepak bola internasional
